horizon_days,method,n,positives,negatives,prevalence,fn,fp,tn,tp,precision_value,precision_status,precision_reason,recall_value,recall_status,recall_reason,f1_value,f1_status,f1_reason,mcc_value,mcc_status,mcc_reason,average_precision_value,average_precision_status,average_precision_reason,brier_value,brier_status,brier_reason
1,hist_gradient_boosting_classifier,364,112,252,0.3076923076923077,1,24,228,111,0.8222222222222222,defined,,0.9910714285714286,defined,,0.8987854251012146,defined,,0.8559568552915815,defined,,0.8911985777278763,defined,,0.05855181026997667,defined,
1,logistic_regression,364,112,252,0.3076923076923077,7,21,231,105,0.8333333333333334,defined,,0.9375,defined,,0.8823529411764706,defined,,0.8286633855408043,defined,,0.9472003519631942,defined,,0.05257302834476193,defined,
1,random_forest,364,112,252,0.3076923076923077,5,22,230,107,0.8294573643410853,defined,,0.9553571428571429,defined,,0.8879668049792531,defined,,0.8375833129147617,defined,,0.8799079648668673,defined,,0.0628527916015703,defined,
1,average,364,112,252,0.3076923076923077,5,22,230,107,0.8294573643410853,defined,,0.9553571428571429,defined,,0.8879668049792531,defined,,0.8375833129147617,defined,,0.905406018336297,defined,,0.05498065597808354,defined,
1,persistence,364,112,252,0.3076923076923077,14,13,239,98,0.8828828828828829,defined,,0.875,defined,,0.8789237668161435,defined,,0.8254772183012545,defined,,,not_applicable,non_probabilistic_method,,not_applicable,non_probabilistic_method
1,majority,364,112,252,0.3076923076923077,4,22,230,108,0.8307692307692308,defined,,0.9642857142857143,defined,,0.8925619834710744,defined,,0.8447367914999205,defined,,,not_applicable,non_probabilistic_method,,not_applicable,non_probabilistic_method
2,hist_gradient_boosting_classifier,363,112,251,0.3085399449035813,5,44,207,107,0.7086092715231788,defined,,0.9553571428571429,defined,,0.8136882129277566,defined,,0.7309986103794488,defined,,0.7065574114552293,defined,,0.11393483298183117,defined,
2,logistic_regression,363,112,251,0.3085399449035813,6,29,222,106,0.7851851851851852,defined,,0.9464285714285714,defined,,0.8582995951417004,defined,,0.7940639399512973,defined,,0.875581876583047,defined,,0.07704147237405308,defined,
2,random_forest,363,112,251,0.3085399449035813,6,43,208,106,0.7114093959731543,defined,,0.9464285714285714,defined,,0.8122605363984674,defined,,0.7277988035310066,defined,,0.7366414090117649,defined,,0.10422199750289445,defined,
2,average,363,112,251,0.3085399449035813,4,40,211,108,0.7297297297297297,defined,,0.9642857142857143,defined,,0.8307692307692308,defined,,0.7565719057595822,defined,,0.7833959510354379,defined,,0.09370278965531575,defined,
2,persistence,363,112,251,0.3085399449035813,23,21,230,89,0.8090909090909091,defined,,0.7946428571428571,defined,,0.8018018018018018,defined,,0.7145705891798849,defined,,,not_applicable,non_probabilistic_method,,not_applicable,non_probabilistic_method
2,majority,363,112,251,0.3085399449035813,4,41,210,108,0.7248322147651006,defined,,0.9642857142857143,defined,,0.8275862068965517,defined,,0.7520476301195109,defined,,,not_applicable,non_probabilistic_method,,not_applicable,non_probabilistic_method
3,hist_gradient_boosting_classifier,362,112,250,0.30939226519337015,8,66,184,104,0.611764705882353,defined,,0.9285714285714286,defined,,0.7375886524822695,defined,,0.6155248722410321,defined,,0.619157105356621,defined,,0.1527643595807823,defined,
3,logistic_regression,362,112,250,0.30939226519337015,11,39,211,101,0.7214285714285714,defined,,0.9017857142857143,defined,,0.8015873015873016,defined,,0.7078684738322744,defined,,0.8153355271743035,defined,,0.10424439391918819,defined,
3,random_forest,362,112,250,0.30939226519337015,7,59,191,105,0.6402439024390244,defined,,0.9375,defined,,0.7608695652173914,defined,,0.6514066260873238,defined,,0.6441176902722913,defined,,0.14069743479428026,defined,
3,average,362,112,250,0.30939226519337015,7,52,198,105,0.6687898089171974,defined,,0.9375,defined,,0.7806691449814126,defined,,0.680420759168571,defined,,0.6873718907918217,defined,,0.1258408087743996,defined,
3,persistence,362,112,250,0.30939226519337015,31,28,222,81,0.7431192660550459,defined,,0.7232142857142857,defined,,0.7330316742081447,defined,,0.615884114425591,defined,,,not_applicable,non_probabilistic_method,,not_applicable,non_probabilistic_method
3,majority,362,112,250,0.30939226519337015,6,58,192,106,0.6463414634146342,defined,,0.9464285714285714,defined,,0.7681159420289855,defined,,0.6634119818883426,defined,,,not_applicable,non_probabilistic_method,,not_applicable,non_probabilistic_method
