horizon_days,method,episodes_total,starts_determinable,left_censored,right_censored,evaluable_episodes,detected_episodes,missed_episodes,episode_recall_value,episode_recall_status,episode_recall_reason,case_b_n,case_b_detected
1,hist_gradient_boosting_classifier,14,14,0,1,14,13,1,0.9285714285714286,defined,,14,13
1,logistic_regression,14,14,0,1,14,8,6,0.5714285714285714,defined,,14,8
1,random_forest,14,14,0,1,14,9,5,0.6428571428571429,defined,,14,9
1,average,14,14,0,1,14,9,5,0.6428571428571429,defined,,14,9
1,persistence,14,14,0,1,14,0,14,0.0,defined,,14,0
1,majority,14,14,0,1,14,10,4,0.7142857142857143,defined,,14,10
2,hist_gradient_boosting_classifier,14,14,0,1,14,10,4,0.7142857142857143,defined,,23,18
2,logistic_regression,14,14,0,1,14,8,6,0.5714285714285714,defined,,23,17
2,random_forest,14,14,0,1,14,10,4,0.7142857142857143,defined,,23,18
2,average,14,14,0,1,14,10,4,0.7142857142857143,defined,,23,19
2,persistence,14,14,0,1,14,3,11,0.21428571428571427,defined,,23,0
2,majority,14,14,0,1,14,10,4,0.7142857142857143,defined,,23,19
3,hist_gradient_boosting_classifier,14,14,0,1,14,11,3,0.7857142857142857,defined,,31,26
3,logistic_regression,14,14,0,1,14,6,8,0.42857142857142855,defined,,31,20
3,random_forest,14,14,0,1,14,11,3,0.7857142857142857,defined,,31,27
3,average,14,14,0,1,14,9,5,0.6428571428571429,defined,,31,24
3,persistence,14,14,0,1,14,3,11,0.21428571428571427,defined,,31,0
3,majority,14,14,0,1,14,11,3,0.7857142857142857,defined,,31,26
