horizon_days,comparison,delta_mcc,status,reason,ci95_lower,ci95_upper,replicates_defined,replicates_discarded_undefined,block_length_days,seed,replicates_requested
1,average_minus_majority,-0.0071534785851588,defined,,-0.025701148253739446,0.0,5000,0,30,20250109,5000
1,average_minus_persistence,0.012106094613507201,defined,,-0.032154197486823355,0.0651862493690178,5000,0,30,20250109,5000
1,hist_gradient_boosting_classifier_minus_persistence,0.030479636990326964,defined,,-0.018655128598487447,0.07086106340627606,5000,0,30,20250109,5000
1,logistic_regression_minus_persistence,0.0031861672395497864,defined,,-0.03831075596312795,0.04671891528854568,5000,0,30,20250109,5000
1,majority_minus_persistence,0.019259573198666002,defined,,-0.028601791415066483,0.07795169041978917,5000,0,30,20250109,5000
1,random_forest_minus_persistence,0.012106094613507201,defined,,-0.032154197486823355,0.0651862493690178,5000,0,30,20250109,5000
2,average_minus_majority,0.0045242756400713,defined,,0.0,0.01739070940695305,5000,0,30,20250109,5000
2,average_minus_persistence,0.0420013165796973,defined,,-0.02209038313630368,0.1197199282574384,5000,0,30,20250109,5000
2,hist_gradient_boosting_classifier_minus_persistence,0.01642802119956388,defined,,-0.053276604074978036,0.09477729333399772,5000,0,30,20250109,5000
2,logistic_regression_minus_persistence,0.0794933507714124,defined,,0.026910246549013712,0.16621953421751506,5000,0,30,20250109,5000
2,majority_minus_persistence,0.037477040939626005,defined,,-0.030933771315357753,0.11503314103478661,5000,0,30,20250109,5000
2,random_forest_minus_persistence,0.013228214351121648,defined,,-0.05359875171438335,0.10146060237663349,5000,0,30,20250109,5000
3,average_minus_majority,0.0170087772802284,defined,,-0.012834785369742068,0.0681272146706817,5000,0,30,20250109,5000
3,average_minus_persistence,0.06453664474298004,defined,,-0.0423228743707863,0.15406163607172343,5000,0,30,20250109,5000
3,hist_gradient_boosting_classifier_minus_persistence,-0.00035924218455885004,defined,,-0.12761425417793526,0.09299610834391957,5000,0,30,20250109,5000
3,logistic_regression_minus_persistence,0.09198435940668337,defined,,0.009648453717610703,0.19449821990710625,5000,0,30,20250109,5000
3,majority_minus_persistence,0.047527867462751616,defined,,-0.06964239924182308,0.137188764378184,5000,0,30,20250109,5000
3,random_forest_minus_persistence,0.035522511661732814,defined,,-0.09312343878229488,0.13752438882990917,5000,0,30,20250109,5000
