horizon_days,method,bin_index,lower,upper,right_inclusive,n,positives,mean_score_value,mean_score_status,mean_score_reason,observed_fraction_value,observed_fraction_status,observed_fraction_reason
1,hist_gradient_boosting_classifier,0,0.0,0.1,false,212,1,0.02359667837009256,defined,,0.0047169811320754715,defined,
1,hist_gradient_boosting_classifier,1,0.1,0.2,false,8,0,0.1312311792618713,defined,,0.0,defined,
1,hist_gradient_boosting_classifier,2,0.2,0.3,false,4,0,0.2528254398045188,defined,,0.0,defined,
1,hist_gradient_boosting_classifier,3,0.3,0.4,false,5,0,0.33190511957067703,defined,,0.0,defined,
1,hist_gradient_boosting_classifier,4,0.4,0.5,false,0,0,,undefined,empty_bin,,undefined,empty_bin
1,hist_gradient_boosting_classifier,5,0.5,0.6,false,5,2,0.549267760829497,defined,,0.4,defined,
1,hist_gradient_boosting_classifier,6,0.6,0.7,false,5,3,0.6464894050441418,defined,,0.6,defined,
1,hist_gradient_boosting_classifier,7,0.7,0.8,false,6,3,0.7720567182152976,defined,,0.5,defined,
1,hist_gradient_boosting_classifier,8,0.8,0.9,false,10,7,0.8692556478956943,defined,,0.7,defined,
1,hist_gradient_boosting_classifier,9,0.9,1.0,true,109,96,0.9688321876130933,defined,,0.8807339449541285,defined,
1,logistic_regression,0,0.0,0.1,false,217,0,0.01597085110268001,defined,,0.0,defined,
1,logistic_regression,1,0.1,0.2,false,11,1,0.14608665468441973,defined,,0.09090909090909091,defined,
1,logistic_regression,2,0.2,0.3,false,6,2,0.27120398136315754,defined,,0.3333333333333333,defined,
1,logistic_regression,3,0.3,0.4,false,0,0,,undefined,empty_bin,,undefined,empty_bin
1,logistic_regression,4,0.4,0.5,false,4,4,0.4371224791411699,defined,,1.0,defined,
1,logistic_regression,5,0.5,0.6,false,1,0,0.5696427056357757,defined,,0.0,defined,
1,logistic_regression,6,0.6,0.7,false,5,0,0.6704960244318912,defined,,0.0,defined,
1,logistic_regression,7,0.7,0.8,false,10,7,0.7509987464146076,defined,,0.7,defined,
1,logistic_regression,8,0.8,0.9,false,10,8,0.856061597974913,defined,,0.8,defined,
1,logistic_regression,9,0.9,1.0,true,100,90,0.9486888952609068,defined,,0.9,defined,
1,random_forest,0,0.0,0.1,false,221,2,0.027068827854249675,defined,,0.00904977375565611,defined,
1,random_forest,1,0.1,0.2,false,6,1,0.1472899831174609,defined,,0.16666666666666666,defined,
1,random_forest,2,0.2,0.3,false,4,1,0.2625202758773151,defined,,0.25,defined,
1,random_forest,3,0.3,0.4,false,2,1,0.32980430148443335,defined,,0.5,defined,
1,random_forest,4,0.4,0.5,false,2,0,0.4152295794804326,defined,,0.0,defined,
1,random_forest,5,0.5,0.6,false,0,0,,undefined,empty_bin,,undefined,empty_bin
1,random_forest,6,0.6,0.7,false,2,2,0.6683491460784634,defined,,1.0,defined,
1,random_forest,7,0.7,0.8,false,6,2,0.7392494014224438,defined,,0.3333333333333333,defined,
1,random_forest,8,0.8,0.9,false,6,2,0.8742613158311178,defined,,0.3333333333333333,defined,
1,random_forest,9,0.9,1.0,true,115,101,0.9626156268077227,defined,,0.8782608695652174,defined,
1,average,0,0.0,0.1,false,216,1,0.023296334026909286,defined,,0.004629629629629629,defined,
1,average,1,0.1,0.2,false,6,0,0.12948490858065898,defined,,0.0,defined,
1,average,2,0.2,0.3,false,6,0,0.23500101895184655,defined,,0.0,defined,
1,average,3,0.3,0.4,false,1,0,0.38734650304269586,defined,,0.0,defined,
1,average,4,0.4,0.5,false,6,4,0.44103393878251174,defined,,0.6666666666666666,defined,
1,average,5,0.5,0.6,false,3,1,0.536024641557281,defined,,0.3333333333333333,defined,
1,average,6,0.6,0.7,false,2,1,0.6648096926043248,defined,,0.5,defined,
1,average,7,0.7,0.8,false,7,4,0.7597872578285025,defined,,0.5714285714285714,defined,
1,average,8,0.8,0.9,false,14,7,0.8658928846097721,defined,,0.5,defined,
1,average,9,0.9,1.0,true,103,94,0.9584810534466611,defined,,0.912621359223301,defined,
2,hist_gradient_boosting_classifier,0,0.0,0.1,false,165,1,0.03015673319744475,defined,,0.006060606060606061,defined,
2,hist_gradient_boosting_classifier,1,0.1,0.2,false,25,1,0.14549639742162812,defined,,0.04,defined,
2,hist_gradient_boosting_classifier,2,0.2,0.3,false,8,1,0.28827528907749894,defined,,0.125,defined,
2,hist_gradient_boosting_classifier,3,0.3,0.4,false,9,1,0.3580437577105198,defined,,0.1111111111111111,defined,
2,hist_gradient_boosting_classifier,4,0.4,0.5,false,5,1,0.4422113269322601,defined,,0.2,defined,
2,hist_gradient_boosting_classifier,5,0.5,0.6,false,4,1,0.545598496946061,defined,,0.25,defined,
2,hist_gradient_boosting_classifier,6,0.6,0.7,false,8,5,0.6579289616476931,defined,,0.625,defined,
2,hist_gradient_boosting_classifier,7,0.7,0.8,false,7,4,0.7552063929708994,defined,,0.5714285714285714,defined,
2,hist_gradient_boosting_classifier,8,0.8,0.9,false,33,22,0.8635998816679166,defined,,0.6666666666666666,defined,
2,hist_gradient_boosting_classifier,9,0.9,1.0,true,99,75,0.9468422007369084,defined,,0.7575757575757576,defined,
2,logistic_regression,0,0.0,0.1,false,185,2,0.03509132313068961,defined,,0.010810810810810811,defined,
2,logistic_regression,1,0.1,0.2,false,21,1,0.13316018169925803,defined,,0.047619047619047616,defined,
2,logistic_regression,2,0.2,0.3,false,9,2,0.23644124218299073,defined,,0.2222222222222222,defined,
2,logistic_regression,3,0.3,0.4,false,9,0,0.33996806244690336,defined,,0.0,defined,
2,logistic_regression,4,0.4,0.5,false,4,1,0.4444777725777151,defined,,0.25,defined,
2,logistic_regression,5,0.5,0.6,false,5,1,0.568062002572266,defined,,0.2,defined,
2,logistic_regression,6,0.6,0.7,false,14,10,0.6510232377452881,defined,,0.7142857142857143,defined,
2,logistic_regression,7,0.7,0.8,false,9,6,0.7483669668209258,defined,,0.6666666666666666,defined,
2,logistic_regression,8,0.8,0.9,false,30,22,0.8554796596113232,defined,,0.7333333333333333,defined,
2,logistic_regression,9,0.9,1.0,true,77,67,0.923720771523077,defined,,0.8701298701298701,defined,
2,random_forest,0,0.0,0.1,false,180,1,0.037131057709086264,defined,,0.005555555555555556,defined,
2,random_forest,1,0.1,0.2,false,19,2,0.14254464729405272,defined,,0.10526315789473684,defined,
2,random_forest,2,0.2,0.3,false,6,0,0.25193324073474055,defined,,0.0,defined,
2,random_forest,3,0.3,0.4,false,6,1,0.3660066832227191,defined,,0.16666666666666666,defined,
2,random_forest,4,0.4,0.5,false,3,2,0.44227256125094877,defined,,0.6666666666666666,defined,
2,random_forest,5,0.5,0.6,false,5,1,0.5486179562626067,defined,,0.2,defined,
2,random_forest,6,0.6,0.7,false,5,2,0.6548437316608521,defined,,0.4,defined,
2,random_forest,7,0.7,0.8,false,12,5,0.7590597019547948,defined,,0.4166666666666667,defined,
2,random_forest,8,0.8,0.9,false,28,20,0.8454699042285696,defined,,0.7142857142857143,defined,
2,random_forest,9,0.9,1.0,true,99,78,0.9463039704695643,defined,,0.7878787878787878,defined,
2,average,0,0.0,0.1,false,174,1,0.03564441086251209,defined,,0.005747126436781609,defined,
2,average,1,0.1,0.2,false,23,2,0.14314417628279982,defined,,0.08695652173913043,defined,
2,average,2,0.2,0.3,false,8,1,0.2542552967680253,defined,,0.125,defined,
2,average,3,0.3,0.4,false,7,0,0.33978913247309217,defined,,0.0,defined,
2,average,4,0.4,0.5,false,3,0,0.4282399800298456,defined,,0.0,defined,
2,average,5,0.5,0.6,false,5,3,0.5600611373175512,defined,,0.6,defined,
2,average,6,0.6,0.7,false,11,4,0.6415685278063251,defined,,0.36363636363636365,defined,
2,average,7,0.7,0.8,false,11,3,0.7375377198834485,defined,,0.2727272727272727,defined,
2,average,8,0.8,0.9,false,37,28,0.865021563273807,defined,,0.7567567567567568,defined,
2,average,9,0.9,1.0,true,84,70,0.9304036261947514,defined,,0.8333333333333334,defined,
3,hist_gradient_boosting_classifier,0,0.0,0.1,false,92,0,0.06271773120177718,defined,,0.0,defined,
3,hist_gradient_boosting_classifier,1,0.1,0.2,false,53,1,0.14071347949317584,defined,,0.018867924528301886,defined,
3,hist_gradient_boosting_classifier,2,0.2,0.3,false,16,1,0.24506882776018524,defined,,0.0625,defined,
3,hist_gradient_boosting_classifier,3,0.3,0.4,false,16,2,0.34992772545389894,defined,,0.125,defined,
3,hist_gradient_boosting_classifier,4,0.4,0.5,false,15,4,0.4445046895703302,defined,,0.26666666666666666,defined,
3,hist_gradient_boosting_classifier,5,0.5,0.6,false,13,3,0.5396693286528609,defined,,0.23076923076923078,defined,
3,hist_gradient_boosting_classifier,6,0.6,0.7,false,8,3,0.644402601952311,defined,,0.375,defined,
3,hist_gradient_boosting_classifier,7,0.7,0.8,false,32,16,0.7671063407666914,defined,,0.5,defined,
3,hist_gradient_boosting_classifier,8,0.8,0.9,false,71,59,0.8471239546173331,defined,,0.8309859154929577,defined,
3,hist_gradient_boosting_classifier,9,0.9,1.0,true,46,23,0.9243447441449573,defined,,0.5,defined,
3,logistic_regression,0,0.0,0.1,false,149,3,0.05409555298914968,defined,,0.020134228187919462,defined,
3,logistic_regression,1,0.1,0.2,false,37,2,0.14380371690124985,defined,,0.05405405405405406,defined,
3,logistic_regression,2,0.2,0.3,false,14,1,0.2376345146533984,defined,,0.07142857142857142,defined,
3,logistic_regression,3,0.3,0.4,false,11,2,0.35729433834744384,defined,,0.18181818181818182,defined,
3,logistic_regression,4,0.4,0.5,false,11,3,0.44828390943881957,defined,,0.2727272727272727,defined,
3,logistic_regression,5,0.5,0.6,false,11,3,0.5543819274777559,defined,,0.2727272727272727,defined,
3,logistic_regression,6,0.6,0.7,false,10,6,0.6512697088984988,defined,,0.6,defined,
3,logistic_regression,7,0.7,0.8,false,19,12,0.7451465072917444,defined,,0.631578947368421,defined,
3,logistic_regression,8,0.8,0.9,false,52,37,0.862959096256186,defined,,0.7115384615384616,defined,
3,logistic_regression,9,0.9,1.0,true,48,43,0.9074965871528776,defined,,0.8958333333333334,defined,
3,random_forest,0,0.0,0.1,false,137,1,0.0720188885813238,defined,,0.0072992700729927005,defined,
3,random_forest,1,0.1,0.2,false,28,0,0.14774194219004996,defined,,0.0,defined,
3,random_forest,2,0.2,0.3,false,11,0,0.22864223343900328,defined,,0.0,defined,
3,random_forest,3,0.3,0.4,false,13,4,0.3554166261431014,defined,,0.3076923076923077,defined,
3,random_forest,4,0.4,0.5,false,9,2,0.45403504438212966,defined,,0.2222222222222222,defined,
3,random_forest,5,0.5,0.6,false,11,3,0.545099426293036,defined,,0.2727272727272727,defined,
3,random_forest,6,0.6,0.7,false,21,12,0.6563153837943749,defined,,0.5714285714285714,defined,
3,random_forest,7,0.7,0.8,false,11,8,0.7570867976519093,defined,,0.7272727272727273,defined,
3,random_forest,8,0.8,0.9,false,34,25,0.8572339145867804,defined,,0.7352941176470589,defined,
3,random_forest,9,0.9,1.0,true,87,57,0.930018394348221,defined,,0.6551724137931034,defined,
3,average,0,0.0,0.1,false,122,0,0.06584590330820994,defined,,0.0,defined,
3,average,1,0.1,0.2,false,39,1,0.143875507532352,defined,,0.02564102564102564,defined,
3,average,2,0.2,0.3,false,17,2,0.2522336954576978,defined,,0.11764705882352941,defined,
3,average,3,0.3,0.4,false,13,1,0.34999355631380613,defined,,0.07692307692307693,defined,
3,average,4,0.4,0.5,false,14,3,0.46065217941423836,defined,,0.21428571428571427,defined,
3,average,5,0.5,0.6,false,11,4,0.5502760771576387,defined,,0.36363636363636365,defined,
3,average,6,0.6,0.7,false,10,4,0.6508769730033651,defined,,0.4,defined,
3,average,7,0.7,0.8,false,28,16,0.760988715592359,defined,,0.5714285714285714,defined,
3,average,8,0.8,0.9,false,77,61,0.8632951302627377,defined,,0.7922077922077922,defined,
3,average,9,0.9,1.0,true,31,20,0.9154472835739833,defined,,0.6451612903225806,defined,
